sample_index,pm25_ugm3,pm10_ugm3
1,1.7,7.8
2,1.7,7.7
3,1.7,7.3
4,1.7,7.3
5,1.7,7.3
6,1.7,7.3
7,1.7,7.2
8,1.7,7.1
9,1.6,7.1
10,1.7,7.6
11,1.6,7.6
12,1.6,7.6
13,1.7,7.6
14,1.7,7.7
15,1.7,7.3
16,1.7,7.2
17,1.7,7.2
18,1.8,7.3
19,1.8,6.9
20,1.8,6.9
21,1.8,6.9
22,1.9,6.9
23,1.8,2.6
24,1.8,2.7
25,1.8,2.7
26,1.9,2.7
27,1.9,2.8
28,1.9,2.8
29,1.9,3.1
30,2.0,3.3
31,2.0,3.3
32,2.0,3.3
33,2.0,3.3
34,2.0,3.2
35,1.9,3.2
36,1.9,3.3
37,1.9,3.3
38,1.9,3.3
39,1.9,3.3
40,2.0,2.8
41,2.0,3.1
42,2.1,3.2
43,2.1,3.2
44,2.2,4.0
45,2.2,4.5
46,2.2,4.5
47,2.2,4.5
48,2.2,4.5
49,2.2,4.4
50,2.2,5.5
51,2.3,5.5
52,2.3,5.4
53,2.3,5.5
54,2.3,5.4
55,2.4,5.5
56,2.3,5.4
57,2.3,5.5
58,2.3,5.5
59,2.3,5.1
60,2.2,5.0
61,2.2,5.0
62,2.3,5.1
63,2.3,5.4
64,2.4,5.4
65,2.4,5.4
66,2.4,5.4
67,2.4,5.4
68,2.4,5.4
69,2.4,5.4
70,2.3,5.3
71,2.3,4.9
72,2.2,5.5
73,2.2,5.5
74,2.2,4.8
75,2.2,4.3
76,2.1,4.4
77,2.0,4.4
78,2.0,4.3
79,1.9,4.3
80,1.9,3.3
81,1.8,3.3
82,1.8,3.3
83,1.8,3.3
84,1.9,3.3
85,1.8,4.3
86,1.8,4.4
87,1.8,4.4
88,1.9,5.3
89,2.0,5.6
90,2.1,6.5
91,2.2,7.1
92,2.2,7.7
93,2.2,8.1
94,2.4,11.9
95,2.4,12.0
96,2.5,14.3
97,2.5,15.2
98,2.6,16.6
99,2.7,17.8
100,2.7,18.5
101,2.9,18.9
102,2.9,18.3
103,3.0,18.4
104,3.0,18.8
105,3.1,19.3
106,3.1,20.0
107,3.1,20.7
108,3.1,20.8
109,3.2,21.6
110,3.2,21.9
111,3.3,23.4
112,3.3,23.9
113,3.4,23.9
114,3.3,23.9
115,3.3,22.8
116,3.3,22.8
117,3.3,22.7
118,3.2,21.8
119,3.2,22.0
120,3.1,21.1
121,3.0,21.9
122,3.0,22.1
123,3.0,21.3
124,2.8,17.7
125,2.8,17.6
126,2.9,15.7
127,2.8,15.3
128,2.8,16.2
129,2.8,15.4
130,2.8,14.8
131,2.6,15.1
132,2.7,15.3
133,2.7,15.3
134,2.6,14.9
135,2.7,15.7
136,2.7,16.6
137,2.8,16.1
138,2.8,17.6
139,2.8,17.1
140,2.7,16.9
141,2.7,16.6
142,2.7,16.3
143,2.7,17.1
144,2.8,18.3
145,2.9,19.4
146,2.9,19.4
147,2.9,20.2
148,2.9,20.6
149,2.9,20.1
150,2.9,20.7
151,3.0,20.2
152,2.9,20.2
153,3.0,20.9
154,3.0,21.4
155,3.0,22.2
156,2.9,22.2
157,3.0,23.2
158,3.0,21.9
159,2.9,21.7
160,2.9,22.1
161,2.9,21.6
162,3.2,25.0
163,3.1,24.8
164,3.1,24.7
165,3.1,24.8
166,3.1,23.2
167,3.1,23.1
168,3.0,21.5
169,3.0,21.2
170,3.1,21.2
171,3.0,20.0
172,3.0,20.0
173,3.0,19.9
174,2.9,18.6
175,2.9,17.6
176,2.9,18.3
177,2.9,17.5
178,2.8,17.1
179,2.9,17.2
180,2.9,16.6
181,2.8,15.6
182,2.7,14.8
183,2.7,14.0
184,2.6,13.5
185,2.6,12.7
186,2.5,13.1
187,2.4,11.6
188,2.4,11.1
189,2.4,11.2
190,2.4,11.0
191,2.4,11.1
192,2.1,8.1
193,2.1,8.1
194,2.1,8.1
195,2.1,6.9
196,2.2,6.7
197,2.1,6.7
198,2.1,6.7
199,2.1,6.7
200,2.1,6.7
201,2.1,6.6
202,2.1,6.5
203,2.1,5.8
204,2.1,5.8
205,2.1,5.8
206,2.0,5.1
207,2.0,5.0
208,2.0,5.1
209,2.0,5.4
210,2.0,5.4
211,2.0,5.4
212,2.0,6.1
213,2.1,6.1
214,2.1,6.8
215,2.2,6.9
216,2.2,6.1
217,2.2,6.4
218,2.2,6.3
219,2.2,5.9
220,2.2,5.6
221,2.2,5.4
222,2.2,4.8
223,2.3,4.9
224,2.3,5.0
225,2.3,5.0
226,2.1,4.8
227,2.2,6.3
228,2.2,7.0
229,2.2,7.0
230,2.2,7.0
231,2.2,7.1
232,2.2,7.1
233,2.3,7.2
234,2.3,7.2
235,2.2,7.2
236,2.2,7.2
237,2.3,11.0
238,2.3,11.0
239,2.2,10.7
240,2.3,11.3
241,2.2,11.8
242,2.3,11.1
243,2.2,11.1
244,2.2,10.4
245,2.1,10.3
246,2.2,10.4
247,2.1,10.1
248,2.1,10.0
249,2.1,10.3
250,2.2,10.4
251,2.2,10.5
252,2.1,10.4
253,2.2,10.6
254,2.2,10.5
255,2.2,10.5
256,2.2,10.5
257,2.2,9.1
258,2.2,8.4
259,2.2,8.4
260,2.6,10.3
261,2.6,10.9
262,4.5,11.9
263,4.5,11.8
264,4.5,11.8
265,4.5,11.8
266,7.2,13.0
267,7.3,9.4
268,7.3,9.4
269,7.4,9.4
270,7.3,8.8
271,7.5,8.4
272,7.5,8.5
273,7.6,8.5
274,7.5,8.5
275,7.6,8.5
276,7.6,8.5
277,7.6,8.5
278,7.6,8.5
279,7.6,8.4
280,7.4,8.2
281,7.5,8.3
282,7.4,8.2
283,7.4,8.8
284,7.4,8.7
285,7.5,9.3
286,7.4,9.2
287,7.4,9.2
288,7.4,9.1
289,7.4,9.1
290,7.0,7.8
291,6.9,7.6
292,5.0,5.6
293,5.0,5.7
294,5.0,5.7
295,4.9,5.7
296,2.3,4.6
297,2.1,4.3
298,2.1,4.4
299,2.1,4.4
300,2.1,4.3
301,2.0,4.2
302,2.0,4.2
303,2.0,4.2
304,2.0,4.2
305,2.0,4.2
306,1.9,4.2
307,1.9,4.3
308,1.9,4.3
309,1.9,4.9
310,2.0,5.0
311,2.0,5.0
312,2.0,5.0
313,2.0,3.6
314,2.0,3.6
315,1.9,3.1
316,1.9,3.3
317,1.9,3.4
318,1.9,3.4
319,2.0,3.5
320,2.0,3.6
321,2.0,3.5
322,2.1,4.3
323,2.1,4.7
324,2.1,4.7
325,2.2,4.7
326,2.1,4.7
327,2.2,4.8
328,2.1,4.8
329,2.1,4.8
330,2.1,4.8
331,2.1,4.7
332,2.1,4.9
333,2.1,4.9
334,2.1,4.8
335,2.1,4.8
336,2.1,4.8
337,2.1,4.6
338,2.1,4.7
339,2.1,4.1
340,2.0,4.0
341,2.0,4.0
342,2.0,4.0
343,2.0,4.0
344,2.1,4.0
345,2.0,4.0
346,2.1,3.8
347,2.0,4.5
348,2.0,4.5
349,2.0,4.4
350,2.0,4.3
351,2.0,4.3
352,2.0,3.6
353,1.9,2.9
354,1.9,3.0
355,1.9,3.0
356,1.9,3.3
357,1.9,3.2
358,1.9,3.2
359,1.8,3.2
360,1.8,3.2
361,1.8,3.1
362,1.8,3.1
363,1.8,3.1
364,2.0,3.2
365,1.9,3.2
366,2.0,3.2
367,2.0,3.9
368,2.0,3.9
369,2.0,3.8
370,2.0,3.9
371,2.0,3.9
372,2.0,3.9
373,1.9,3.8
374,2.0,4.1
375,2.0,4.0
376,2.7,4.7
377,3.8,5.2
378,5.0,6.2
379,8.3,9.3
380,12.3,13.7
381,16.0,17.9
382,18.6,20.7
383,19.9,22.2
384,20.5,23.0
385,21.0,23.5
386,21.2,23.7
387,21.4,24.0
388,21.5,24.1
389,21.6,24.2
390,21.7,24.3
391,21.7,24.3
392,21.7,24.3
393,22.3,25.0
394,22.3,25.0
395,22.3,25.0
396,22.3,25.0
397,22.3,24.9
398,22.3,24.9
399,22.4,25.0
400,22.4,25.0
401,22.4,25.0
402,22.4,25.0
403,22.4,25.1
404,22.4,25.0
405,22.4,25.0
406,21.6,24.2
407,20.6,23.0
408,19.4,21.8
409,16.1,19.1
410,12.2,15.1
411,8.5,12.2
412,6.0,9.8
413,4.7,8.7
414,4.0,6.9
415,3.6,6.7
416,3.4,6.5
417,3.3,5.6
418,3.1,6.1
419,3.0,6.6
420,3.0,6.6
421,3.0,6.5
422,2.9,6.5
423,2.3,6.2
424,2.3,6.1
425,2.2,6.0
426,2.1,5.9
427,2.1,5.8
428,2.1,7.5
429,2.1,7.4
430,2.0,7.5
431,2.1,7.5
432,2.0,7.4
433,2.0,7.3
434,2.0,7.3
435,2.0,7.9
436,2.0,7.9
437,1.9,7.8
438,1.9,7.4
439,1.8,6.8
440,1.8,6.8
441,1.7,6.0
442,1.8,6.1
443,1.7,6.0
444,1.7,6.0
445,1.8,6.2
446,1.8,6.2
447,1.8,6.1
448,1.8,5.4
449,1.8,4.8
450,1.8,4.8
451,1.8,4.8
452,1.8,4.9
453,1.8,4.9
454,1.8,4.9
455,1.8,4.9
456,1.9,5.0
457,1.9,5.0
458,1.9,3.1
459,1.8,3.1
460,1.8,3.1
461,1.8,3.1
462,1.8,3.1
463,1.8,3.1
464,1.8,3.1
465,1.9,2.5
466,1.9,2.5
467,1.9,2.6
468,1.9,2.6
469,2.0,2.7
470,2.0,2.7
471,2.0,3.4
472,2.0,3.3
473,1.9,3.3
474,1.9,3.3
475,1.9,3.2
476,1.9,3.2
477,1.9,3.6
478,1.9,3.9
479,1.9,4.7
480,1.9,4.7
481,1.9,5.5
482,1.9,5.3
483,1.9,5.3
484,1.9,5.3
485,1.9,5.3
486,1.9,6.0
487,1.9,6.1
488,2.0,7.9
489,2.1,8.0
490,2.1,9.2
491,2.1,9.2
492,2.2,12.1
493,2.3,12.6
494,2.3,12.7
495,2.3,12.7
496,2.3,12.8
497,2.3,12.9
498,2.3,13.6
499,2.3,14.9
500,2.4,15.6
501,2.4,15.2
502,2.4,15.4
503,2.5,17.2
504,2.5,17.9
505,2.5,17.6
506,2.5,17.8
507,2.6,18.8
508,2.7,21.0
509,2.7,21.0
510,2.8,21.2
511,2.8,20.7
512,2.8,21.6
513,2.9,23.6
514,3.0,25.6
515,3.1,29.0
516,3.2,31.6
517,3.2,31.9
518,3.3,31.5
519,3.3,35.5
520,3.3,35.8
521,3.4,38.7
522,3.3,36.7
523,3.4,42.2
524,3.5,43.6
525,3.6,44.4
526,3.5,45.5
527,3.6,46.3
528,3.7,46.5
529,3.6,45.2
530,3.7,46.4
531,3.8,48.2
532,3.8,48.7
533,3.9,47.3
534,4.0,55.9
535,4.2,60.0
536,4.2,61.9
537,4.2,63.3
538,4.1,62.4
539,4.2,64.4
540,4.4,67.3
541,4.4,69.4
542,4.5,72.3
543,4.5,71.4
544,4.4,70.4
545,4.3,67.3
546,4.2,65.1
547,4.3,67.7
548,4.3,67.2
549,4.2,65.6
550,4.3,65.9
551,4.3,64.1
552,4.2,64.0
553,4.2,61.1
554,4.2,65.6
555,4.3,66.2
556,4.3,67.3
557,4.4,69.0
558,4.5,75.2
559,4.6,78.5
560,5.0,82.0
561,4.8,80.2
562,4.9,83.3
563,4.9,83.8
564,4.8,75.9
565,4.7,72.7
566,4.7,72.9
567,4.6,70.7
568,4.6,71.1
569,4.5,69.4
570,4.5,67.1
571,4.4,64.8
572,4.4,62.0
573,4.4,62.2
574,4.4,62.3
575,4.5,63.2
576,4.5,63.9
577,4.3,60.9
578,4.3,61.9
579,4.2,59.7
580,4.2,62.5
581,4.2,62.6
582,4.3,65.8
583,4.4,64.6
584,4.5,63.9
585,4.4,64.9
586,4.4,64.4
587,5.4,65.8
588,5.9,59.9
589,8.1,59.7
590,9.0,57.4
591,10.1,61.1
592,10.8,58.7
593,11.5,60.5
594,11.9,59.6
595,12.8,60.7
596,13.3,61.3
597,13.6,61.1
598,13.8,60.5
599,14.0,62.6
600,13.8,62.6
601,13.9,62.7
602,14.0,62.7
603,14.0,61.8
604,13.9,61.2
605,13.9,60.3
606,14.0,59.4
607,14.2,60.0
608,14.3,58.5
609,14.4,59.5
610,14.5,54.9
611,14.6,55.0
612,14.6,52.3
613,14.7,50.9
614,14.7,46.7
615,14.9,44.6
616,15.0,43.9
617,13.9,41.4
618,13.6,42.0
619,11.6,39.4
620,10.4,37.0
621,9.5,33.8
622,8.8,32.5
623,8.3,30.4
624,7.9,30.8
625,7.3,29.9
626,7.1,28.5
627,7.1,29.8
628,6.9,29.6
629,6.9,28.7
630,6.9,28.1
631,7.0,28.8
632,7.1,32.3
633,7.4,34.8
634,7.6,39.4
635,8.0,46.2
636,8.2,55.1
637,8.3,63.0
638,8.6,71.9
639,8.8,80.9
640,8.8,82.5
641,8.9,84.2
642,9.0,86.1
643,9.1,91.1
644,9.1,94.8
645,9.4,100.6
646,9.4,103.4
647,9.9,111.4
648,10.1,118.3
649,10.3,127.6
650,10.6,136.6
651,10.8,141.1
652,11.2,150.7
653,11.5,157.5
654,11.5,162.2
655,11.6,170.2
656,11.4,172.0
657,11.4,177.5
658,11.6,185.4
659,11.8,189.9
660,11.9,195.4
661,12.2,203.3
662,12.3,201.2
663,12.1,204.2
664,12.0,200.8
665,11.7,197.5
666,11.4,189.6
667,11.2,181.8
668,10.8,173.9
669,10.8,177.1
670,11.2,189.0
671,11.1,193.4
672,10.9,191.5
673,10.7,188.4
674,10.7,192.0
675,10.4,188.8
676,10.1,187.6
677,9.6,181.0
678,9.2,174.0
679,8.8,164.7
680,8.3,155.1
681,7.8,150.4
682,7.4,141.6
683,6.9,135.4
684,6.7,129.9
685,6.4,121.5
686,6.2,118.1
687,5.9,111.0
688,5.6,101.9
689,5.2,95.5
690,5.1,89.7
691,4.6,81.0
692,4.4,78.8
693,4.2,72.8
694,4.1,71.1
695,3.9,67.2
696,3.8,65.5
697,3.8,64.7
698,3.8,64.9
699,3.5,51.9
700,3.1,40.3
701,3.0,34.7
702,3.0,33.6
703,3.0,31.8
704,2.8,24.6
705,2.8,22.6
706,2.8,20.4
707,2.7,17.5
708,2.7,15.9
709,2.6,15.3
710,2.6,15.2
711,2.6,14.9
712,2.6,14.0
713,2.6,13.0
714,2.5,12.8
715,2.5,12.5
716,2.5,12.5
717,2.5,12.5
718,2.4,12.4
719,2.5,12.9
720,2.4,12.9
721,2.5,13.0
722,2.5,13.1
723,2.5,14.2
724,2.5,14.5
725,2.5,14.5
726,2.5,14.5
727,2.4,14.4
728,2.4,12.9
729,2.3,12.5
730,2.2,10.3
731,2.1,8.8
732,2.1,8.8
733,2.0,7.9
734,2.0,7.0
735,1.9,6.0
736,1.8,5.5
737,1.8,5.5
738,1.8,6.1
739,1.8,6.1
740,1.8,6.1
741,1.8,6.0
742,1.8,6.5
743,1.8,8.1
744,1.8,8.2
745,1.8,7.8
746,1.8,7.7
747,1.8,9.5
748,1.8,9.9
749,1.9,10.5
750,2.0,12.8
751,2.0,14.7
752,2.0,16.5
753,2.0,17.1
754,2.1,18.4
755,2.1,20.9
756,2.3,25.1
757,2.5,29.4
758,2.5,30.2
759,2.7,31.5
760,2.7,32.9
761,3.0,34.6
762,3.1,37.6
763,3.1,38.0
764,3.2,39.1
765,3.2,39.5
766,3.3,39.8
767,3.3,39.8
768,3.3,39.2
769,3.3,39.6
770,3.3,39.5
771,3.3,39.6
772,3.3,39.4
773,3.3,37.8
774,3.3,38.5
775,3.4,39.0
776,3.4,40.5
777,3.5,41.3
778,3.5,41.0
779,3.4,41.2
780,3.3,39.0
781,3.3,37.2
782,3.3,35.4
783,3.2,33.7
784,3.2,32.0
785,3.1,29.6
786,3.0,25.6
787,2.9,22.0
788,2.9,21.3
789,2.7,19.9
790,2.6,18.5
791,2.4,16.7
792,2.3,13.7
793,2.3,13.9
794,2.3,13.2
795,2.2,12.8
796,2.2,12.8
797,2.2,12.8
798,2.2,12.8
799,2.2,12.4
800,2.1,12.3
801,2.1,12.4
802,2.1,11.8
803,2.2,13.9
804,2.2,13.3
805,2.2,12.8
806,2.2,11.6
807,2.2,9.1
808,2.2,8.9
809,2.2,7.8
810,2.2,7.9
811,2.2,7.8
812,2.1,7.6
813,2.2,7.7
814,2.2,8.4
815,2.2,9.3
816,2.2,9.1
817,2.3,9.1
818,2.4,10.6
819,2.6,13.2
820,2.9,18.3
821,3.3,20.2
822,4.2,27.6
823,5.5,41.0
824,6.5,45.5
825,7.5,58.1
826,8.2,68.4
827,9.1,78.4
828,9.7,88.0
829,10.4,92.3
830,11.1,105.5
831,11.5,114.6
832,12.5,130.5
833,13.0,136.4
834,13.3,141.5
835,13.6,147.4
836,13.8,151.3
837,14.0,154.7
838,14.2,159.1
839,14.2,159.1
840,14.3,159.3
841,14.3,160.3
842,14.5,163.0
843,14.5,163.8
844,14.7,167.4
845,14.8,169.2
846,14.9,171.6
847,14.8,172.2
848,14.8,172.0
849,14.7,170.1
850,14.6,165.3
851,14.4,164.5
852,13.7,158.2
853,12.4,144.9
854,11.7,141.3
855,11.0,133.4
856,10.3,123.0
857,9.5,113.4
858,8.8,104.0
859,8.4,100.8
860,7.8,91.5
861,7.7,86.7
862,6.8,72.1
863,6.3,65.7
864,6.0,61.0
865,5.9,61.3
866,5.7,57.1
867,5.6,59.5
868,5.4,57.2
869,5.6,60.6
870,5.9,64.9
871,6.1,68.3
872,6.2,67.3
873,6.3,67.8
874,6.7,71.8
875,7.0,77.7
876,7.1,77.4
877,7.5,81.0
878,7.9,87.5
879,9.0,89.4
880,9.6,93.5
881,9.6,94.8
882,9.5,94.6
883,9.6,95.2
884,9.5,95.8
885,9.5,94.3
886,9.9,100.1
887,10.3,105.0
888,10.8,112.8
889,11.2,122.2
890,11.8,129.1
891,11.7,128.2
892,11.9,131.4
893,12.3,140.7
894,12.8,152.8
895,13.2,162.8
896,13.9,171.1
897,14.6,178.7
898,15.3,182.4
899,15.8,180.4
900,16.1,181.0
901,16.8,178.0
902,17.0,177.8
903,17.3,178.7
904,17.0,171.3
905,16.9,166.5
906,17.1,168.1
907,17.0,165.9
908,17.0,160.7
909,16.2,161.9
910,15.7,159.3
911,15.9,160.5
912,16.0,161.5
913,16.0,161.2
914,16.1,161.9
915,16.0,160.4
916,15.7,155.8
917,15.7,151.9
918,15.3,146.6
919,14.9,140.1
920,14.2,130.4
921,14.2,129.4
922,14.3,140.2
923,14.3,141.1
924,14.5,140.3
925,14.4,135.3
926,14.5,144.3
927,14.7,149.4
928,14.3,150.9
929,13.9,162.8
930,14.7,179.4
931,14.8,198.6
932,15.8,215.1
933,16.8,236.4
934,17.8,261.6
935,18.5,274.5
936,18.6,277.0
937,18.7,283.9
938,19.0,292.4
939,19.1,296.6
940,19.3,304.0
941,19.2,306.2
942,19.3,307.8
943,19.5,311.7
944,19.7,316.1
945,20.1,322.0
946,20.3,326.1
947,20.3,330.4
948,20.4,336.7
949,20.4,336.5
950,20.6,339.0
951,20.8,345.7
952,20.9,349.3
953,21.0,352.7
954,21.4,361.9
955,21.4,368.9
956,20.9,359.1
957,20.2,346.4
958,19.9,339.8
959,19.6,329.6
960,18.3,308.2
961,17.5,296.1
962,16.3,281.1
963,15.0,263.3
964,13.9,239.2
965,13.4,231.2
966,13.1,229.3
967,12.9,225.3
968,12.5,223.3
969,12.2,221.1
970,12.2,224.4
971,12.6,221.4
972,12.8,219.5
973,12.9,218.4
974,12.7,215.0
975,12.3,212.9
976,12.3,210.1
977,12.2,208.1
978,12.1,203.7
979,12.2,204.9
980,12.3,203.0
981,12.2,200.7
982,12.2,186.7
983,12.0,173.5
984,11.1,153.7
985,10.9,140.6
986,10.8,137.3
987,10.8,135.3
988,11.1,142.6
989,11.2,142.6
990,11.3,144.5
991,11.6,136.5
992,12.0,136.6
993,12.1,134.2
994,12.1,135.0
995,11.8,127.2
996,11.7,125.6
997,11.5,120.1
998,11.2,111.2
999,11.0,106.2
1000,10.5,96.2
1001,10.3,97.4
1002,10.2,97.4
1003,10.2,97.4
1004,10.7,95.2
1005,10.8,91.8
1006,10.9,92.0
1007,11.0,90.7
1008,11.0,86.5
1009,11.1,81.8
1010,11.3,81.5
1011,11.5,78.7
1012,12.3,75.6
1013,12.3,74.0
1014,12.4,74.5
1015,12.4,70.5
1016,12.5,66.6
1017,12.5,65.0
1018,12.3,58.3
1019,12.4,56.2
1020,12.3,55.2
1021,11.9,56.9
1022,11.5,54.7
1023,11.9,52.6
1024,12.2,52.7
1025,12.5,53.0
1026,12.9,51.5
1027,13.1,53.7
1028,13.4,54.7
1029,13.6,57.7
1030,13.7,56.5
1031,13.6,55.4
1032,13.5,57.7
1033,13.2,56.7
1034,12.6,56.8
1035,12.4,61.7
1036,12.0,60.6
1037,11.9,59.5
1038,12.3,62.2
1039,12.7,68.3
1040,13.3,70.1
1041,14.6,70.2
1042,14.1,71.3
1043,15.2,81.0
1044,16.9,88.5
1045,17.5,91.2
1046,17.9,97.5
1047,18.3,102.2
1048,18.8,104.9
1049,19.1,107.5
1050,19.5,113.5
1051,19.8,113.2
1052,20.0,115.2
1053,19.6,115.0
1054,19.1,112.3
1055,18.8,112.8
1056,18.5,113.1
1057,18.3,111.1
1058,18.1,112.2
1059,17.9,111.1
1060,18.0,118.7
1061,17.9,120.4
1062,17.7,121.1
1063,17.6,121.0
1064,17.6,121.2
1065,17.5,117.3
1066,17.5,116.5
1067,17.3,116.8
1068,16.8,116.5
1069,16.1,110.1
1070,15.0,108.6
1071,13.3,106.7
1072,12.5,104.1
1073,11.3,97.6
1074,9.5,90.0
1075,8.7,88.4
1076,8.0,82.1
1077,7.4,75.6
1078,6.8,73.7
1079,6.3,69.7
1080,5.7,64.9
1081,5.4,65.5
1082,5.1,67.5
1083,5.0,68.6
1084,5.0,68.6
1085,5.0,67.5
1086,4.9,67.1
1087,5.0,71.0
1088,4.9,69.8
1089,4.9,68.4
1090,4.7,61.4
1091,4.8,59.6
1092,4.8,59.2
1093,4.8,58.0
1094,4.9,58.7
1095,4.9,56.9
1096,4.8,56.4
1097,4.8,55.6
1098,4.8,54.0
1099,4.8,54.8
1100,4.8,54.1
1101,4.7,52.5
1102,4.9,56.5
1103,4.8,54.2
1104,4.6,54.0
1105,4.5,51.8
1106,4.4,51.8
1107,4.3,51.9
1108,4.3,50.3
1109,4.2,50.7
1110,4.2,48.4
1111,4.1,46.4
1112,4.0,42.6
1113,3.8,41.2
1114,3.8,41.0
1115,3.7,41.0
1116,3.7,40.4
1117,3.6,38.1
1118,3.5,37.8
1119,3.5,37.8
1120,3.5,37.3
1121,3.3,36.5
1122,3.3,34.1
1123,3.3,32.7
1124,3.2,30.3
1125,3.2,31.6
1126,3.2,32.7
1127,3.2,33.6
1128,3.2,33.4
1129,3.2,35.1
1130,3.1,34.2
1131,3.1,33.5
1132,2.9,29.9
1133,2.8,28.7
1134,2.8,27.5
1135,2.8,28.1
1136,2.8,27.8
1137,2.8,28.2
1138,2.8,28.1
1139,2.8,28.9
1140,2.9,30.4
1141,2.9,31.1
1142,2.9,30.0
1143,2.9,30.1
1144,2.9,30.1
1145,3.0,30.1
1146,3.0,30.6
1147,3.1,28.8
1148,3.5,28.6
1149,3.8,28.0
1150,4.0,27.2
1151,4.4,25.4
1152,4.8,24.3
1153,5.0,25.4
1154,5.2,25.7
1155,5.2,26.5
1156,5.2,25.7
1157,5.2,24.0
1158,5.3,23.5
1159,5.3,23.1
1160,5.3,23.1
1161,5.4,23.7
1162,5.3,23.3
1163,5.6,24.4
1164,5.8,25.2
1165,6.4,26.0
1166,7.5,30.8
1167,7.6,33.2
1168,7.7,32.9
1169,7.8,31.4
1170,7.7,29.9
1171,7.8,30.1
1172,7.8,30.1
1173,7.9,29.3
1174,8.1,29.5
1175,8.1,29.1
1176,8.2,28.3
1177,8.1,28.9
1178,7.7,29.8
1179,7.4,29.4
1180,7.2,31.2
1181,6.9,31.8
1182,6.3,31.1
1183,6.1,31.6
1184,6.0,32.8
1185,6.1,34.1
1186,6.1,34.9
1187,6.2,35.2
1188,6.2,35.8
1189,6.2,33.5
1190,6.2,35.2
1191,6.3,36.1
1192,6.5,36.5
1193,6.3,35.4
1194,6.2,34.5
1195,5.8,34.9
1196,4.9,32.7
1197,5.0,30.8
1198,5.3,32.1
1199,5.8,38.4
1200,6.4,40.2
1201,11.4,45.0
1202,20.9,52.2
1203,22.0,53.8
1204,23.0,55.6
1205,23.7,56.7
1206,24.8,58.1
1207,25.4,58.7
1208,25.7,58.2
1209,26.0,58.2
1210,26.1,56.3
1211,26.1,55.4
1212,26.1,55.4
1213,26.2,53.9
1214,26.1,52.5
1215,25.9,47.9
1216,25.8,46.5
1217,25.7,46.1
1218,25.6,45.3
1219,25.6,46.0
1220,25.5,44.2
1221,25.4,43.4
1222,25.3,42.8
1223,25.1,42.7
1224,25.0,42.6
1225,24.7,40.7
1226,24.5,38.1
1227,24.4,37.6
1228,23.9,36.9
1229,23.4,30.6
1230,22.8,29.6
1231,17.7,23.4
1232,8.2,16.1
1233,7.1,14.6
1234,5.9,12.6
1235,5.1,11.3
1236,4.0,9.9
1237,3.4,10.3
1238,3.0,10.3
1239,2.7,9.8
1240,2.5,10.1
1241,2.5,10.2
1242,2.6,10.2
1243,2.5,10.1
1244,2.5,10.4
1245,2.5,10.4
1246,2.6,11.5
1247,2.6,11.6
1248,2.7,11.6
1249,2.7,10.9
1250,2.7,10.9
1251,2.6,10.4
1252,2.7,11.4
1253,2.8,11.5
1254,2.8,12.7
1255,2.9,12.8
1256,2.9,12.8
1257,2.9,13.0
1258,3.0,12.4
1259,3.0,12.4
1260,3.1,11.7
1261,3.1,11.9
1262,3.2,12.6
1263,3.2,13.2
1264,3.3,13.2
1265,3.3,14.1
1266,3.4,14.1
1267,3.3,12.3
1268,3.4,12.0
1269,3.5,12.1
1270,3.5,11.7
1271,3.7,12.0
1272,3.7,12.3
1273,3.8,12.4
1274,3.9,11.8
1275,3.9,11.9
1276,3.9,10.8
1277,4.0,10.8
1278,4.0,10.8
1279,4.0,11.4
1280,4.0,11.4
1281,4.2,11.7
1282,4.1,10.7
1283,4.1,10.7
1284,4.1,9.5
1285,4.1,9.6
1286,4.1,9.5
1287,4.1,8.7
1288,4.0,8.8
1289,4.0,8.8
1290,4.1,10.0
1291,4.0,9.9
1292,4.0,10.3
1293,3.9,9.7
1294,3.9,9.9
1295,3.9,10.6
1296,3.8,10.6
1297,3.8,11.2
1298,3.7,12.2
1299,3.6,12.3
1300,3.6,12.8
1301,3.4,13.1
1302,3.4,13.3
1303,3.4,13.9
1304,3.3,13.8
1305,3.2,13.7
1306,3.2,13.6
1307,3.1,14.3
1308,3.0,14.2
1309,3.0,13.7
1310,3.1,14.0
1311,2.9,13.5
1312,2.9,13.6
1313,2.9,13.7
1314,2.9,13.8
1315,2.8,13.8
1316,2.8,14.0
1317,2.7,13.9
1318,2.7,14.1
1319,2.7,15.0
1320,2.6,13.9
1321,2.6,14.2
1322,2.6,13.0
1323,2.6,13.0
1324,2.6,14.2
1325,2.6,13.1
1326,2.6,13.1
1327,2.6,12.5
1328,2.6,11.3
1329,2.7,11.0
1330,2.6,10.4
1331,2.6,10.0
1332,2.6,9.9
1333,2.6,9.3
1334,2.7,9.4
1335,2.7,9.5
1336,2.8,9.5
1337,2.8,9.5
1338,2.9,10.4
1339,3.0,10.8
1340,2.9,10.6
1341,3.1,11.6
1342,3.4,11.9
1343,3.7,12.4
1344,4.1,16.2
1345,4.4,17.6
1346,4.7,18.1
1347,5.0,18.4
1348,5.2,18.5
1349,5.5,17.9
1350,5.7,18.1
1351,5.8,17.8
1352,5.9,18.4
1353,6.0,18.5
1354,6.0,17.7
1355,5.9,17.3
1356,6.0,18.5
1357,6.0,18.5
1358,6.0,18.5
1359,6.0,18.6
1360,6.0,18.7
1361,6.0,18.5
1362,6.0,18.3
1363,6.0,18.3
1364,5.9,18.2
1365,5.8,18.7
1366,5.8,18.7
1367,5.8,17.9
1368,5.6,17.0
1369,5.5,16.5
1370,5.5,16.4
1371,5.3,15.7
1372,5.0,15.3
1373,4.7,15.0
1374,4.3,10.9
1375,4.0,9.5
1376,3.7,9.4
1377,3.4,9.4
1378,3.2,8.9
1379,3.0,8.6
1380,2.8,8.3
1381,2.7,8.1
1382,2.6,8.1
1383,2.6,8.3
1384,2.6,7.5
1385,2.6,7.6
1386,2.6,6.3
1387,2.6,6.3
1388,2.5,6.2
1389,2.5,6.0
1390,2.5,6.0
1391,2.4,5.9
1392,2.3,5.5
1393,2.3,6.0
1394,2.3,6.0
1395,2.3,5.4
1396,2.3,6.1
1397,2.3,6.0
1398,2.3,6.9
1399,2.3,6.9
1400,2.3,7.5
1401,2.4,9.5
1402,2.4,9.5
1403,2.4,9.1
1404,2.4,9.1
1405,2.4,9.5
1406,2.4,10.2
1407,2.4,9.8
1408,2.4,12.0
1409,2.4,12.3
1410,2.5,12.4
1411,2.5,13.7
1412,2.4,13.8
1413,2.4,13.7
1414,2.4,19.0
1415,2.4,19.7
1416,2.4,19.7
1417,2.4,20.0
1418,2.4,20.0
1419,2.5,20.5
1420,2.5,20.5
1421,2.4,20.5
1422,2.5,20.5
1423,2.5,22.5
1424,2.5,22.6
1425,2.5,22.7
1426,2.4,21.9
1427,2.5,21.9
1428,2.5,21.8
1429,2.5,21.9
1430,2.5,22.2
1431,2.4,20.7
1432,2.4,20.7
1433,2.4,20.8
1434,2.4,21.0
1435,2.4,20.5
1436,2.4,19.3
1437,2.4,19.4
1438,2.4,17.1
1439,2.4,17.9
1440,2.4,17.9
1441,2.3,17.1
1442,2.3,16.5
1443,2.4,17.3
1444,2.4,12.0
1445,2.4,11.2
1446,2.4,11.3
1447,2.4,11.4
1448,2.4,11.4
1449,2.3,11.6
1450,2.3,11.6
1451,2.3,12.6
1452,2.3,12.7
1453,2.4,11.1
1454,2.4,11.1
1455,2.4,11.0
1456,2.5,11.2
1457,2.5,11.2
1458,2.5,11.7
1459,2.5,11.6
1460,2.4,10.6
1461,2.4,10.3
1462,2.4,10.3
1463,2.4,10.4
1464,2.5,10.2
1465,2.5,10.3
1466,2.5,10.3
1467,2.5,10.3
1468,2.4,10.2
1469,2.5,9.2
1470,2.4,9.4
1471,2.4,9.0
1472,2.4,9.0
1473,2.3,8.1
1474,2.3,8.4
1475,2.3,8.6
1476,2.3,10.1
1477,2.3,11.9
1478,2.3,14.2
1479,2.3,13.9
1480,2.4,16.0
1481,2.4,15.0
1482,2.4,15.4
1483,2.3,15.6
1484,2.3,16.2
1485,2.3,16.2
1486,2.3,16.9
1487,2.4,18.2
1488,2.4,17.3
1489,2.4,17.3
1490,2.4,18.0
1491,2.4,17.6
1492,2.4,17.6
1493,2.4,17.5
1494,2.3,17.5
1495,2.3,18.2
1496,2.3,18.1
1497,2.3,18.2
1498,2.3,18.9
1499,2.3,18.9
1500,2.4,19.0
1501,2.5,19.9
1502,2.5,20.0
1503,2.5,22.1
1504,2.5,22.4
1505,2.5,23.4
1506,2.5,22.4
1507,2.5,21.6
1508,2.5,20.0
1509,2.4,19.5
1510,2.4,17.5
1511,2.4,17.4
1512,2.3,17.2
1513,2.4,16.0
1514,2.4,18.1
1515,2.4,18.0
1516,2.4,18.3
1517,2.4,17.0
1518,2.3,16.8
1519,2.3,17.7
1520,2.3,17.1
1521,2.3,17.1
1522,2.3,17.1
1523,2.3,17.0
1524,2.3,16.9
1525,2.3,16.2
1526,2.3,16.2
1527,2.3,16.8
1528,2.2,16.1
1529,2.2,16.1
1530,2.2,15.5
1531,2.1,15.1
1532,2.1,15.1
1533,2.0,13.1
1534,2.0,12.4
1535,1.9,11.2
1536,1.9,10.6
1537,1.9,10.7
1538,1.9,9.9
1539,1.9,9.9
1540,1.9,9.9
1541,1.9,10.6
1542,1.9,10.4
1543,1.9,10.3
1544,1.8,7.6
1545,1.8,7.6
1546,1.8,6.5
1547,1.8,6.5
1548,1.8,7.2
1549,1.8,6.5
1550,1.8,6.5
1551,1.8,6.5
1552,1.8,6.5
1553,1.8,6.5
1554,1.8,6.7
1555,1.8,6.7
1556,1.8,6.8
1557,1.9,6.3
1558,2.0,7.1
1559,2.1,7.5
1560,2.1,8.6
1561,2.2,9.5
1562,2.3,10.2
1563,2.4,10.4
1564,2.4,10.7
1565,2.4,10.8
1566,2.4,10.8
1567,2.5,10.3
1568,2.5,13.1
1569,2.6,13.5
1570,2.6,14.0
1571,2.9,17.7
1572,2.9,18.2
1573,3.0,18.9
1574,3.2,23.9
1575,3.2,24.2
1576,3.2,25.4
1577,3.2,25.6
1578,3.2,25.7
1579,3.2,26.2
1580,3.2,26.5
1581,3.3,29.6
1582,3.4,29.7
1583,3.4,31.7
1584,3.4,33.3
1585,3.5,33.4
1586,3.7,36.4
1587,3.7,38.0
1588,3.7,37.8
1589,3.6,37.3
1590,3.5,36.3
1591,3.4,34.9
1592,3.3,34.0
1593,3.3,33.8
1594,3.3,33.5
1595,3.3,34.1
1596,3.3,35.0
1597,3.3,34.7
1598,3.2,31.9
1599,3.2,32.1
1600,3.1,31.5
1601,2.9,27.3
1602,2.9,26.8
1603,2.8,26.8
1604,2.6,21.7
1605,2.7,21.5
1606,2.6,20.2
1607,2.6,20.3
1608,2.6,19.6
1609,2.6,18.8
1610,2.6,18.5
1611,2.5,15.5
1612,2.4,15.5
1613,2.4,13.5
1614,2.4,11.6
1615,2.4,12.8
1616,2.1,9.8
1617,2.0,8.2
1618,2.0,8.3
1619,2.0,8.4
1620,2.0,9.1
1621,2.0,9.1
1622,2.0,9.1
1623,2.0,9.0
1624,2.0,9.1
1625,1.9,8.4
1626,2.0,7.6
1627,1.9,7.0
1628,1.9,7.7
1629,1.9,7.2
1630,2.0,8.0
1631,2.0,8.1
1632,2.0,8.8
1633,2.0,8.2
1634,2.0,9.6
1635,1.9,9.6
1636,2.0,10.6
1637,2.1,11.2
1638,2.1,11.3
1639,2.0,11.2
1640,2.1,11.2
1641,2.1,11.5
1642,2.1,11.6
1643,2.1,11.7
1644,2.1,11.7
1645,2.1,10.4
1646,2.0,10.9
1647,2.0,10.7
1648,2.1,10.2
1649,2.1,10.5
1650,2.1,9.9
1651,2.1,10.8
1652,2.1,11.3
1653,2.2,11.4
1654,2.1,12.2
1655,2.2,12.5
1656,2.2,13.1
1657,2.2,13.0
1658,2.1,12.9
1659,2.1,12.8
1660,2.1,12.2
1661,2.0,12.0
1662,2.0,11.3
1663,2.0,11.3
1664,2.0,10.1
1665,2.0,10.2
1666,1.9,9.1
1667,1.8,8.9
1668,1.9,9.6
1669,1.8,9.6
1670,1.9,9.8
1671,1.9,9.8
1672,2.0,10.9
1673,2.0,13.2
1674,2.1,13.4
1675,2.1,13.5
1676,2.2,13.0
1677,2.2,13.2
1678,2.2,13.2
1679,2.1,13.3
1680,2.1,13.1
1681,2.1,12.3
1682,2.2,12.6
1683,2.1,12.5
1684,2.1,11.6
1685,2.1,11.5
1686,2.1,11.0
1687,2.1,11.0
1688,2.2,10.4
1689,2.2,11.1
1690,2.2,11.6
1691,2.3,11.8
1692,2.3,12.0
1693,2.3,12.7
1694,2.4,13.0
1695,2.4,12.9
1696,2.5,12.9
1697,2.5,13.1
1698,2.5,13.3
1699,2.5,13.8
1700,2.6,16.0
1701,2.7,17.8
1702,2.7,16.8
1703,2.7,16.1
1704,2.7,16.0
1705,2.7,17.0
1706,2.8,17.5
1707,2.8,17.4
1708,2.8,17.5
1709,2.9,19.1
1710,2.8,19.0
1711,2.8,19.1
1712,2.8,19.1
1713,2.8,19.1
1714,2.9,20.3
1715,2.9,20.4
1716,2.9,20.2
1717,2.9,20.4
1718,3.0,20.7
1719,3.0,20.6
1720,2.9,20.3
1721,2.9,20.6
1722,3.0,21.7
1723,3.0,21.0
1724,2.9,20.6
1725,3.0,22.0
1726,3.0,22.0
1727,2.9,21.1
1728,2.9,20.9
1729,2.9,20.7
1730,2.8,18.5
1731,2.7,16.3
1732,2.7,18.1
1733,2.6,17.1
1734,2.6,17.8
1735,2.7,17.6
1736,2.9,18.8
1737,2.9,19.4
1738,3.0,20.7
1739,3.0,21.6
1740,3.1,22.6
1741,3.1,22.7
1742,3.1,22.2
1743,3.2,23.1
1744,3.2,23.0
1745,3.2,23.2
1746,3.3,24.0
1747,3.4,25.4
1748,3.5,26.2
1749,3.6,26.2
1750,3.7,27.5
1751,3.8,28.6
1752,3.8,28.3
1753,3.9,29.1
1754,3.9,29.5
1755,3.9,28.9
1756,4.0,31.4
1757,4.1,34.4
1758,4.6,34.6
1759,4.9,35.6
1760,5.8,38.5
1761,6.4,39.9
1762,7.2,38.8
1763,7.9,43.0
1764,8.7,46.2
1765,9.4,47.6
1766,9.8,48.6
1767,10.7,50.9
1768,11.3,50.1
1769,12.1,49.3
1770,12.8,50.5
1771,13.3,51.3
1772,13.6,52.1
1773,14.0,53.1
1774,14.3,53.4
1775,14.3,54.5
1776,14.6,54.1
1777,14.6,53.2
1778,14.6,53.9
1779,14.7,54.2
1780,14.7,52.8
1781,14.8,56.1
1782,15.0,56.4
1783,15.1,58.0
1784,15.1,58.0
1785,15.1,58.1
1786,15.1,56.7
1787,15.1,54.6
1788,14.7,54.2
1789,14.5,53.8
1790,13.7,53.7
1791,13.2,52.5
1792,12.6,53.5
1793,12.0,49.6
1794,11.4,46.3
1795,10.8,44.3
1796,10.4,44.4
1797,10.0,43.5
1798,9.5,46.5
1799,9.0,45.6
1800,8.5,44.7
1801,8.4,48.5
1802,8.4,49.2
1803,8.4,52.7
1804,8.3,52.7
1805,8.6,53.0
1806,8.6,53.6
1807,8.8,55.9
1808,9.0,57.5
1809,9.3,61.2
1810,9.7,66.9
1811,9.8,63.2
1812,10.0,63.0
1813,9.9,61.4
1814,10.0,61.3
1815,10.4,61.8
1816,10.6,61.3
1817,10.6,60.5
1818,10.6,60.3
1819,10.7,59.7
1820,10.9,58.5
1821,10.9,61.2
1822,11.2,65.2
1823,11.3,66.0
1824,11.2,67.1
1825,11.0,68.9
1826,11.0,72.6
1827,10.6,70.9
1828,10.5,73.3
1829,10.2,74.3
1830,10.1,76.4
1831,9.8,72.2
1832,9.6,74.4
1833,9.3,70.0
1834,9.3,77.0
1835,9.0,78.2
1836,8.8,83.9
1837,8.5,83.5
1838,8.3,86.2
1839,8.1,85.9
1840,7.6,82.8
1841,7.4,87.5
1842,7.2,89.1
1843,7.2,90.3
1844,7.1,94.6
1845,6.7,95.0
1846,6.8,99.8
1847,6.8,103.1
1848,6.8,106.2
1849,6.7,108.3
1850,6.5,107.3
1851,6.4,108.0
1852,6.0,106.4
1853,5.8,105.4
1854,5.8,105.8
1855,5.9,107.2
1856,5.8,106.4
1857,5.8,108.0
1858,5.8,105.8
1859,5.8,104.3
1860,5.7,101.6
1861,5.5,100.9
1862,5.5,98.0
1863,5.4,97.3
1864,5.1,88.7
1865,4.9,85.7
1866,4.8,79.2
1867,4.7,78.2
1868,4.6,72.0
1869,4.5,67.9
1870,4.4,66.7
1871,4.2,61.0
1872,4.1,58.4
1873,4.0,58.0
1874,4.0,53.7
1875,3.9,53.3
1876,3.7,47.9
1877,3.7,46.1
1878,3.6,44.3
1879,3.7,44.4
1880,3.8,44.0
1881,3.8,42.1
1882,3.8,38.2
1883,3.8,41.9
1884,3.8,45.6
1885,3.6,43.0
1886,3.5,37.6
1887,3.5,36.9
1888,3.3,33.6
1889,3.3,33.6
1890,3.4,35.4
1891,3.4,37.0
1892,3.3,37.1
1893,3.4,38.6
1894,3.4,41.8
1895,3.5,42.1
1896,3.5,42.9
1897,3.4,41.9
1898,3.5,42.5
1899,3.4,43.1
1900,3.5,44.6
1901,3.5,45.4
1902,3.5,45.8
1903,3.5,44.7
1904,3.5,46.6
1905,3.5,45.3
1906,3.6,47.2
1907,3.5,47.1
1908,3.4,45.5
1909,3.2,43.3
1910,3.1,43.0
1911,3.1,42.4
1912,3.3,44.9
1913,3.3,42.0
1914,3.3,37.4
1915,3.3,39.0
1916,3.3,42.5
1917,3.3,43.0
1918,3.5,44.8
1919,3.5,45.0
1920,3.5,44.3
1921,3.5,42.9
1922,3.7,46.5
1923,3.7,46.8
1924,3.7,48.4
1925,3.9,51.4
1926,3.9,52.5
1927,3.9,52.1
1928,3.9,51.5
1929,3.9,52.8
1930,3.9,52.5
1931,4.0,53.0
1932,4.1,54.4
1933,4.2,56.4
1934,4.2,56.2
1935,4.3,61.1
1936,4.4,63.5
1937,4.4,62.7
1938,4.6,68.9
1939,4.6,69.5
1940,4.7,71.4
1941,4.6,72.3
1942,4.4,69.7
1943,4.3,67.8
1944,4.2,67.1
1945,4.2,64.7
1946,4.2,60.8
1947,4.1,59.1
1948,3.9,56.7
1949,3.8,55.7
1950,3.8,53.9
1951,3.9,54.7
1952,3.7,50.2
1953,3.7,48.2
1954,3.6,43.5
1955,3.4,40.1
1956,3.3,38.2
1957,3.3,38.1
1958,3.2,38.5
1959,3.2,36.2
1960,3.2,33.9
1961,3.0,33.6
1962,2.9,32.4
1963,2.9,31.6
1964,2.8,30.1
1965,2.9,26.2
1966,2.8,22.5
1967,2.8,23.1
1968,2.7,20.8
1969,2.7,23.1
1970,2.8,25.0
1971,2.9,23.7
1972,3.2,25.8
1973,3.2,30.3
1974,3.3,32.0
1975,3.4,36.1
1976,3.5,37.7
1977,3.8,41.5
1978,4.1,45.2
1979,4.4,45.5
1980,4.7,46.6
1981,4.9,47.2
1982,5.0,48.7
1983,5.2,48.8
1984,5.4,49.7
1985,5.6,51.8
1986,5.8,53.6
1987,5.9,53.8
1988,6.0,54.4
1989,6.1,55.3
1990,6.2,61.2
1991,6.3,60.3
1992,6.4,61.0
1993,6.5,67.5
1994,6.6,70.5
1995,6.5,72.2
1996,6.5,71.7
1997,6.4,70.4
1998,6.4,67.3
1999,6.4,65.3
2000,6.4,61.7
2001,6.3,62.6
2002,6.1,63.4
2003,6.1,60.8
2004,6.3,62.4
2005,7.5,60.4
2006,7.6,60.8
2007,7.5,62.6
2008,7.6,61.2
2009,7.6,67.1
2010,7.4,71.4
2011,7.3,71.2
2012,7.2,71.3
2013,7.3,73.6
2014,7.2,76.5
2015,7.0,74.6
2016,7.0,76.4
2017,7.2,84.2
2018,7.3,85.6
2019,7.3,87.0
2020,7.2,81.9
2021,7.2,84.9
2022,7.2,84.9
2023,7.1,78.1
2024,7.1,76.4
2025,7.0,77.8
2026,7.1,80.9
2027,7.1,81.9
2028,7.1,81.6
2029,7.1,80.8
2030,7.1,81.5
2031,7.1,80.0
2032,6.9,78.6
2033,6.9,77.6
2034,6.7,74.8
2035,5.4,73.6
2036,5.3,72.0
2037,5.1,67.1
2038,4.8,65.6
2039,4.5,59.6
2040,4.2,54.2
2041,4.1,52.8
2042,4.0,51.1
2043,3.8,48.7
2044,3.7,45.0
2045,3.8,46.2
2046,3.5,43.5
2047,3.3,35.7
2048,3.1,33.3
2049,3.1,31.9
2050,3.1,36.0
2051,3.0,33.2
2052,2.9,31.7
2053,3.0,30.4
2054,2.9,28.8
2055,2.9,26.6
2056,2.8,23.6
2057,2.8,22.9
2058,2.8,22.3
2059,2.7,22.5
2060,2.7,21.5
2061,2.7,22.4
2062,2.8,23.1
2063,2.8,25.4
2064,2.8,24.8
2065,2.8,23.8
2066,2.8,24.7
2067,2.8,25.1
2068,2.9,24.8
2069,2.9,24.8
2070,3.0,26.7
2071,3.2,26.9
2072,3.3,29.1
2073,3.4,31.2
2074,3.6,32.3
2075,3.6,33.1
2076,3.6,32.7
2077,3.6,33.1
2078,3.6,33.6
2079,3.6,33.7
2080,3.6,28.8
2081,3.7,29.6
2082,3.8,30.0
2083,3.9,30.8
2084,4.0,30.9
2085,4.1,28.8
2086,4.4,33.0
2087,4.5,32.8
2088,4.6,32.9
2089,4.6,33.1
2090,4.7,33.4
2091,4.7,33.8
2092,4.7,32.8
2093,4.7,31.0
2094,4.7,31.0
2095,4.7,31.0
2096,4.7,33.2
2097,4.8,37.7
2098,4.9,40.5
2099,5.0,40.7
2100,5.1,40.9
2101,5.1,41.5
2102,5.1,40.7
2103,5.2,43.4
2104,5.1,42.1
2105,5.2,43.9
2106,5.4,47.2
2107,5.5,49.2
2108,5.5,49.6
2109,5.5,50.3
2110,5.6,52.1
2111,5.5,51.3
2112,5.4,52.3
2113,5.3,51.9
2114,5.1,52.3
2115,5.1,52.3
2116,4.8,48.4
2117,4.8,48.7
2118,4.7,48.7
2119,4.7,48.1
2120,4.6,47.7
2121,4.6,47.2
2122,4.6,48.7
2123,4.6,52.6
2124,4.7,55.1
2125,4.9,61.1
2126,5.0,64.4
2127,4.9,61.3
2128,5.1,60.4
2129,4.9,60.0
2130,4.8,58.6
2131,4.7,59.3
2132,4.7,58.3
2133,4.6,53.5
2134,4.6,55.0
2135,4.5,54.0
2136,4.4,52.4
2137,4.3,54.3
2138,4.3,55.0
2139,4.3,55.6
2140,4.2,56.2
2141,4.3,59.7
2142,4.4,61.4
2143,4.5,63.8
2144,4.5,64.7
2145,4.5,69.4
2146,4.8,80.8
2147,5.4,106.3
2148,6.0,120.0
2149,6.3,128.9
2150,6.5,133.7
2151,6.9,150.5
2152,7.3,161.9
2153,7.7,171.2
2154,8.0,179.6
2155,7.9,175.4
2156,7.8,170.3
2157,7.7,168.6
2158,7.4,167.7
2159,7.4,167.7
2160,7.3,167.1
2161,7.3,166.1
2162,7.2,167.0
2163,7.3,169.5
2164,7.2,169.5
2165,7.2,167.8
2166,7.1,166.2
2167,7.1,162.8
2168,7.2,162.4
2169,7.2,163.2
2170,7.2,162.1
2171,7.1,160.8
2172,7.1,159.1
2173,7.1,159.3
2174,7.1,157.7
2175,6.9,153.0
2176,6.6,141.2
2177,5.9,115.3
2178,5.2,101.6
2179,4.9,93.3
2180,4.7,89.4
2181,4.2,71.9
2182,3.7,58.0
2183,3.2,43.1
2184,2.8,32.5
2185,2.9,30.9
2186,3.6,30.2
2187,3.7,31.8
2188,3.8,32.4
2189,3.8,34.0
2190,3.9,34.0
2191,3.8,33.4
2192,3.9,32.7
2193,3.9,30.3
2194,3.9,28.7
2195,3.9,27.8
2196,4.0,27.6
2197,4.0,29.1
2198,3.9,28.2
2199,3.8,25.3
2200,3.9,24.0
2201,3.9,22.7
2202,3.9,22.2
2203,3.8,19.9
2204,3.9,20.5
2205,3.9,20.9
2206,3.9,20.9
2207,3.9,21.0
2208,4.0,22.3
2209,4.0,21.5
2210,4.1,20.7
2211,4.1,20.7
2212,4.2,20.4
2213,4.4,22.0
2214,4.5,22.0
2215,4.5,22.1
2216,3.8,21.3
2217,3.7,20.0
2218,3.8,18.1
2219,3.8,19.3
2220,3.8,19.4
2221,3.8,20.1
2222,3.8,20.7
2223,3.8,22.0
2224,3.8,21.9
2225,3.8,22.1
2226,3.7,23.6
2227,3.7,23.5
2228,3.8,26.7
2229,3.9,29.2
2230,3.8,30.6
2231,3.8,30.7
2232,3.9,34.4
2233,4.0,38.6
2234,4.0,42.0
2235,4.1,44.3
2236,4.2,46.6
2237,4.3,46.6
2238,4.3,46.2
2239,4.3,47.0
2240,4.4,47.2
2241,4.4,48.6
2242,4.3,48.9
2243,4.3,53.3
2244,4.3,57.1
2245,4.2,58.0
2246,4.1,59.4
2247,4.1,60.2
2248,4.0,61.9
2249,4.0,61.5
2250,4.0,63.0
2251,3.9,63.6
2252,4.0,66.6
2253,4.1,69.9
2254,4.2,73.6
2255,4.2,73.9
2256,4.1,71.9
2257,4.1,69.4
2258,4.1,67.2
2259,4.0,65.1
2260,4.0,63.8
2261,4.0,62.8
2262,3.9,58.7
2263,3.7,53.8
2264,3.7,50.4
2265,3.6,48.4
2266,3.6,46.2
2267,3.7,48.9
2268,3.6,49.3
2269,3.7,52.2
2270,3.6,51.9
2271,3.6,50.8
2272,3.6,52.8
2273,3.5,48.1
2274,3.4,43.8
2275,3.4,42.8
2276,3.4,41.1
2277,3.3,40.8
2278,3.3,39.3
2279,3.3,37.2
2280,3.2,36.3
2281,3.2,35.7
2282,3.1,32.0
2283,3.1,27.7
2284,3.0,24.8
2285,3.1,25.4
2286,3.2,32.9
2287,3.2,34.1
2288,3.2,35.5
2289,3.3,36.2
2290,3.4,40.4
2291,3.6,47.8
2292,3.6,50.3
2293,3.6,52.5
2294,3.7,53.2
2295,3.7,53.5
2296,3.7,55.1
2297,3.6,54.7
2298,3.6,53.6
2299,3.5,50.7
2300,3.5,51.0
2301,3.4,50.6
2302,3.4,48.6
2303,3.4,48.4
2304,3.4,48.8
2305,3.4,49.4
2306,3.4,49.3
2307,3.4,49.1
2308,3.4,52.5
2309,3.5,53.4
2310,3.5,56.3
2311,3.5,56.7
2312,3.6,59.2
2313,3.6,62.0
2314,3.7,63.5
2315,3.6,63.4
2316,3.6,56.8
2317,3.5,57.9
2318,3.5,57.5
2319,3.5,58.0
2320,3.6,58.3
2321,3.6,53.6
2322,3.6,52.2
2323,3.7,52.1
2324,3.7,54.4
2325,3.7,55.1
2326,3.8,54.5
2327,4.0,53.5
2328,4.0,55.7
2329,4.1,57.4
2330,4.2,57.5
2331,4.3,59.1
2332,4.5,66.3
2333,4.5,65.9
2334,4.5,66.4
2335,4.6,68.0
2336,4.6,68.3
2337,4.6,67.0
2338,4.6,63.3
2339,4.6,62.3
2340,4.6,58.9
2341,4.6,58.5
2342,4.8,56.9
2343,4.8,55.1
2344,4.7,54.3
2345,4.6,54.4
2346,4.6,53.6
2347,4.6,51.5
2348,4.5,49.6
2349,4.4,47.6
2350,4.2,44.7
2351,4.1,43.5
2352,4.0,41.9
2353,4.0,41.2
2354,4.0,38.8
2355,3.9,37.0
2356,3.8,38.3
2357,3.8,39.1
2358,3.7,38.2
2359,3.6,37.2
2360,3.6,38.6
2361,3.5,38.5
2362,3.3,32.0
2363,3.3,32.2
2364,3.5,33.9
2365,3.5,34.4
2366,3.4,37.1
2367,3.5,39.6
2368,3.7,47.7
2369,3.9,52.3
2370,4.3,61.0
2371,4.4,64.7
2372,4.3,64.7
2373,4.5,67.2
2374,4.7,67.8
2375,4.9,72.8
2376,5.2,79.2
2377,5.5,85.2
2378,5.8,89.9
2379,6.1,96.2
2380,6.4,97.5
2381,6.6,100.0
2382,6.9,102.7
2383,7.2,105.3
2384,7.4,109.5
2385,7.6,112.6
2386,7.8,114.3
2387,7.9,116.8
2388,8.1,122.1
2389,8.2,123.2
2390,8.4,126.4
2391,8.5,129.2
2392,8.6,132.4
2393,8.7,135.6
2394,8.6,134.8
2395,8.7,134.9
2396,8.9,136.0
2397,9.0,136.8
2398,8.8,131.7
2399,8.8,129.2
2400,8.5,121.6
2401,8.4,120.6
2402,8.5,121.9
2403,8.3,119.6
2404,8.1,120.3
2405,8.0,115.7
2406,7.9,113.4
2407,7.6,109.5
2408,7.5,107.9
2409,7.2,102.8
2410,6.9,101.1
2411,6.7,98.5
2412,6.6,100.0
2413,6.3,98.6
2414,6.1,94.0
2415,5.9,94.4
2416,5.9,93.1
2417,5.9,94.8
2418,5.7,89.7
2419,5.8,91.7
2420,5.6,89.2
2421,5.7,89.7
2422,5.7,89.8
2423,5.5,86.9
2424,5.5,88.7
2425,5.5,87.7
2426,5.3,86.5
2427,5.3,84.9
2428,5.3,82.6
2429,5.3,85.4
2430,5.3,85.9
2431,5.3,84.4
2432,5.2,82.7
2433,5.2,83.0
2434,5.4,81.7
2435,5.3,81.8
2436,5.3,81.1
2437,5.3,79.7
2438,5.2,79.5
2439,5.1,78.3
2440,5.2,76.6
2441,5.1,75.2
2442,4.9,71.1
2443,4.8,68.8
2444,4.8,68.0
2445,4.7,64.5
2446,4.5,61.8
2447,4.3,55.3
2448,4.2,53.7
2449,4.1,49.1
2450,4.0,46.8
2451,3.8,42.0
2452,3.6,37.8
2453,3.6,36.6
2454,3.6,33.9
2455,3.5,32.0
2456,3.5,29.2
2457,3.3,27.4
2458,3.2,26.7
2459,3.1,21.5
2460,2.9,19.6
2461,2.9,17.9
2462,2.7,16.9
2463,2.7,16.3
2464,2.5,15.2
2465,2.5,13.6
2466,2.4,10.7
2467,2.4,10.2
2468,2.3,7.5
2469,2.3,7.5
2470,2.3,7.4
2471,2.3,7.5
2472,2.3,7.9
2473,2.3,9.0
2474,2.3,9.2
2475,2.3,10.0
2476,2.4,10.5
2477,2.4,11.2
2478,2.6,12.8
2479,2.6,13.5
2480,2.7,13.5
2481,2.8,15.1
2482,2.8,15.1
2483,2.9,15.5
2484,2.8,15.6
2485,3.0,18.2
2486,3.0,18.5
2487,2.9,19.3
2488,2.9,19.2
2489,3.0,20.6
2490,3.1,21.7
2491,3.1,21.8
2492,3.2,23.3
2493,3.1,22.0
2494,3.1,21.6
2495,3.1,21.6
2496,3.2,21.6
2497,3.1,21.4
2498,3.2,21.9
2499,3.3,23.5
2500,3.4,25.1
2501,3.4,25.1
2502,3.4,25.1
2503,3.4,24.3
2504,3.5,25.0
2505,3.5,24.1
2506,3.5,23.6
2507,3.5,23.6
2508,3.4,22.5
2509,3.4,21.8
2510,3.5,22.6
2511,3.3,21.9
2512,3.4,21.9
2513,3.4,24.5
2514,3.4,23.5
2515,3.4,22.1
2516,3.4,21.8
2517,3.4,21.0
2518,3.5,22.0
2519,3.5,20.8
2520,3.4,20.5
2521,3.4,20.5
2522,3.4,19.0
2523,3.4,19.1
2524,3.4,19.1
2525,3.4,19.2
2526,3.3,18.8
2527,3.4,20.2
2528,3.4,22.6
2529,3.4,22.0
2530,3.4,20.5
2531,3.5,21.3
2532,3.5,21.6
2533,3.3,20.9
2534,3.4,20.4
2535,3.4,20.4
2536,3.3,20.4
2537,3.3,19.6
2538,3.2,19.3
2539,3.1,19.3
2540,3.0,18.3
2541,3.0,17.5
2542,3.0,17.4
2543,2.9,15.4
2544,2.9,15.4
2545,2.8,14.2
2546,2.7,14.2
2547,2.7,14.2
2548,2.7,13.6
2549,2.7,13.5
2550,2.7,13.1
2551,2.7,13.0
2552,2.7,13.4
2553,2.6,13.4
2554,2.6,13.4
2555,2.5,13.2
2556,2.5,13.3
2557,2.4,11.9
2558,2.4,8.6
2559,2.4,7.8
2560,2.3,7.7
2561,2.2,6.8
2562,2.2,5.8
2563,2.2,6.0
2564,2.2,5.7
2565,2.2,5.6
2566,2.1,6.3
2567,2.2,7.3
2568,2.2,7.3
2569,2.1,7.3
2570,2.2,7.3
2571,2.1,7.2
2572,2.1,7.2
2573,2.1,6.3
2574,2.1,6.2
2575,2.1,6.3
2576,2.1,6.3
2577,2.2,7.9
2578,2.1,7.9
2579,2.1,7.7
2580,2.0,8.3
2581,2.1,8.4
2582,2.1,7.9
2583,2.2,8.0
2584,2.2,8.0
2585,2.2,9.6
2586,2.2,9.2
2587,2.3,9.3
2588,2.2,9.3
2589,2.2,9.4
2590,2.2,10.1
2591,2.3,11.7
2592,2.3,12.6
2593,2.3,13.3
2594,2.3,14.5
2595,2.4,15.7
2596,2.4,18.3
2597,2.6,22.5
2598,2.6,22.8
2599,2.6,26.2
2600,2.7,27.2
2601,2.7,27.6
2602,2.8,28.4
2603,2.8,28.4
2604,2.8,28.8
2605,2.9,30.4
2606,2.9,31.3
2607,2.8,29.6
2608,2.9,29.2
2609,2.9,29.3
2610,2.9,29.2
2611,2.9,29.1
2612,2.9,29.2
2613,2.8,29.7
2614,2.8,30.9
2615,2.8,29.2
2616,2.8,30.0
2617,2.9,31.9
2618,2.9,32.1
2619,3.2,34.4
2620,3.3,35.1
2621,3.4,36.3
2622,3.4,37.4
2623,3.4,36.5
2624,3.5,36.2
2625,3.4,36.1
2626,3.5,33.5
2627,3.4,28.4
2628,3.4,28.0
2629,3.3,25.1
2630,3.3,24.1
2631,3.3,24.0
2632,3.4,23.3
2633,3.4,23.4
2634,3.4,23.1
2635,3.4,21.6
2636,3.5,20.9
2637,3.5,21.0
2638,3.6,21.1
2639,3.7,21.1
2640,3.7,20.5
2641,3.7,20.5
2642,3.7,20.4
2643,3.8,19.9
2644,3.7,18.9
2645,3.7,18.9
2646,3.8,18.2
2647,3.7,16.3
2648,3.7,15.8
2649,3.5,14.0
2650,3.5,12.7
2651,3.4,10.0
2652,3.4,8.2
2653,3.5,8.5
2654,3.4,8.2
2655,3.4,7.1
2656,3.4,6.6
2657,3.5,6.7
2658,3.5,6.8
2659,3.5,6.8
2660,3.5,6.8
2661,3.5,6.7
2662,3.4,6.6
2663,3.5,6.5
2664,3.4,6.5
2665,3.4,6.4
2666,3.3,6.3
2667,3.2,6.2
2668,3.2,6.4
2669,3.1,6.3
2670,3.2,8.5
2671,3.2,8.6
2672,3.2,8.6
2673,3.2,8.5
2674,3.2,11.4
2675,3.2,11.4
2676,3.1,11.3
2677,3.1,11.2
2678,3.0,11.3
2679,3.0,10.5
2680,3.0,10.5
2681,2.9,10.8
2682,2.9,10.6
2683,2.8,10.4
2684,2.8,9.8
2685,2.8,9.7
2686,2.7,9.6
2687,2.6,11.1
2688,2.5,11.0
2689,2.5,10.5
2690,2.5,10.4
2691,2.6,10.8
2692,2.6,12.4
2693,2.7,13.7
2694,2.7,14.8
2695,2.7,14.8
2696,2.7,15.0
2697,2.7,15.0
2698,2.7,14.9
2699,2.6,14.9
2700,2.5,12.5
2701,2.5,12.5
2702,2.5,12.4
2703,2.4,12.4
2704,2.4,11.1
2705,2.5,13.2
2706,2.5,14.1
2707,2.6,15.4
2708,2.5,15.3
2709,2.4,16.8
2710,2.4,17.6
2711,2.5,17.7
2712,2.4,17.5
2713,2.4,17.5
2714,2.4,17.5
2715,2.4,17.4
2716,2.4,17.4
2717,2.4,16.0
2718,2.4,17.3
2719,2.4,17.3
2720,2.4,17.3
2721,2.2,16.9
2722,2.2,15.2
2723,2.0,13.8
2724,2.0,13.1
2725,2.0,13.1
2726,2.0,12.8
2727,2.0,12.8
2728,2.0,12.6
2729,2.0,12.7
2730,2.0,12.7
2731,2.0,12.7
2732,2.0,12.7
2733,2.0,12.7
2734,2.0,10.9
2735,1.8,9.6
2736,1.9,9.4
2737,1.9,10.2
2738,1.9,10.3
2739,1.9,8.8
2740,1.9,8.1
2741,1.8,7.5
2742,1.8,7.6
2743,1.8,7.6
2744,1.8,7.5
2745,1.8,7.5
2746,1.8,7.8
2747,1.8,8.0
2748,1.8,6.7
2749,1.8,6.7
2750,1.8,7.1
2751,1.8,7.1
2752,1.7,7.1
2753,1.7,7.0
2754,1.8,7.1
2755,1.8,7.3
2756,1.8,7.6
2757,1.8,7.8
2758,1.9,7.9
2759,2.0,8.2
2760,2.0,8.3
2761,2.0,9.0
2762,2.0,10.7
2763,2.1,13.6
2764,2.4,20.0
2765,2.6,25.1
2766,2.7,26.9
2767,2.7,26.4
2768,2.8,28.5
2769,2.9,31.7
2770,3.0,31.8
2771,3.1,33.9
2772,3.2,35.5
2773,3.4,38.1
2774,3.5,41.8
2775,3.7,47.0
2776,3.8,49.5
2777,4.0,52.3
2778,4.4,60.0
2779,4.7,67.4
2780,4.7,70.8
2781,4.8,71.2
2782,5.2,72.2
2783,5.5,74.2
2784,6.1,76.2
2785,6.9,80.0
2786,7.2,79.9
2787,7.2,79.7
2788,7.3,80.4
2789,7.2,80.3
2790,7.2,80.1
2791,7.2,79.4
2792,7.2,77.9
2793,7.1,75.0
2794,6.9,68.9
2795,6.6,63.1
2796,6.7,62.3
2797,6.7,61.8
2798,6.8,59.6
2799,7.0,57.4
2800,7.3,58.4
2801,7.5,56.7
2802,7.7,56.1
2803,7.8,53.7
2804,7.9,52.8
2805,7.9,50.3
2806,7.8,48.2
2807,7.8,48.2
2808,7.6,41.0
2809,7.4,33.7
2810,7.4,30.2
2811,7.3,29.8
2812,7.0,28.9
2813,6.6,26.9
2814,6.1,24.6
2815,5.4,22.9
2816,5.2,25.3
2817,5.2,27.5
2818,5.2,28.7
2819,5.2,29.9
2820,5.3,31.7
2821,5.3,32.9
2822,5.3,35.0
2823,5.3,35.8
2824,5.3,37.1
2825,5.4,36.9
2826,5.2,35.3
2827,5.1,34.2
2828,4.9,34.1
2829,4.6,33.2
2830,4.3,32.1
2831,3.9,31.7
2832,3.6,30.8
2833,3.5,31.6
2834,3.3,29.4
2835,3.0,27.4
2836,3.0,27.3
2837,2.9,26.6
2838,2.7,26.2
2839,2.8,26.5
2840,2.8,27.1
2841,2.8,27.2
2842,2.8,27.4
2843,2.8,28.1
2844,2.8,28.3
2845,2.8,28.3
2846,2.9,30.6
2847,2.8,31.1
2848,2.9,31.1
2849,2.8,29.8
2850,2.7,29.1
2851,2.7,28.0
2852,2.6,28.0
2853,2.6,27.2
2854,2.6,26.5
2855,2.6,27.1
2856,2.6,27.8
2857,2.6,27.9
2858,2.6,29.0
2859,2.6,29.0
2860,2.6,29.0
2861,2.6,28.9
2862,2.6,30.6
2863,2.5,30.4
2864,2.6,29.9
2865,2.6,30.0
2866,2.6,29.4
2867,2.5,28.3
2868,2.5,28.2
2869,2.4,28.8
2870,2.4,29.1
2871,2.4,29.1
2872,2.4,30.8
2873,2.5,31.3
2874,2.5,32.3
2875,2.5,32.3
2876,2.5,29.1
2877,2.4,26.7
2878,2.4,25.3
2879,2.5,27.4
2880,2.6,28.2
2881,2.7,31.6
2882,2.7,31.0
2883,2.7,31.3
2884,2.8,32.7
2885,3.1,35.7
2886,3.1,39.0
2887,3.2,39.2
2888,3.2,39.2
2889,3.2,39.6
2890,3.2,39.5
2891,3.2,39.6
2892,3.2,37.9
2893,3.1,37.1
2894,3.0,37.0
2895,3.1,36.2
2896,3.1,38.1
2897,3.1,36.8
2898,3.2,36.7
2899,3.1,35.6
2900,3.0,34.5
2901,3.1,35.1
2902,3.0,33.2
2903,2.9,32.0
2904,2.9,30.8
2905,2.9,29.2
2906,2.7,27.5
2907,2.7,27.2
2908,2.6,26.5
2909,2.5,24.2
2910,2.4,22.3
2911,2.4,18.8
2912,2.3,17.1
2913,2.3,16.8
2914,2.1,14.6
2915,1.8,11.0
2916,1.8,6.9
2917,1.7,6.6
2918,1.7,5.5
2919,1.6,5.1
2920,1.7,5.2
2921,1.7,5.2
2922,1.7,5.2
2923,1.7,5.2
2924,1.7,5.3
2925,1.7,6.2
2926,1.7,5.3
2927,1.7,5.2
2928,1.6,5.3
2929,1.7,5.3
2930,1.7,5.4
2931,1.7,4.7
2932,1.7,5.5
2933,1.7,6.9
2934,1.8,8.0
2935,1.8,7.4
2936,2.0,13.5
2937,2.0,14.6
2938,2.2,16.4
2939,2.2,16.4
2940,2.2,16.6
2941,2.2,16.7
2942,2.3,17.3
2943,2.3,17.3
2944,2.3,17.3
2945,2.3,17.5
2946,2.4,19.1
2947,2.4,19.5
2948,2.5,20.2
2949,2.5,20.9
2950,2.5,21.0
2951,2.5,21.0
2952,2.5,21.0
2953,2.6,22.2
2954,2.6,22.2
2955,2.6,21.3
2956,2.6,20.3
2957,2.6,20.3
2958,2.6,21.3
2959,2.6,21.4
2960,2.8,22.3
2961,2.8,23.6
2962,2.8,23.8
2963,2.7,23.0
2964,2.6,21.9
2965,2.7,23.6
2966,2.5,17.5
2967,2.7,19.8
2968,2.7,20.7
2969,2.8,23.5
2970,2.8,24.1
2971,2.8,24.1
2972,2.7,24.1
2973,2.8,25.0
2974,2.8,25.1
2975,2.9,27.4
2976,2.9,28.4
2977,3.0,28.7
2978,3.1,31.9
2979,3.5,40.6
2980,3.6,43.5
2981,3.8,50.2
2982,3.9,56.2
2983,4.3,57.8
2984,4.5,64.3
2985,4.6,67.5
2986,4.9,72.1
2987,5.1,75.2
2988,5.1,74.3
2989,5.2,75.0
2990,5.1,76.4
2991,5.2,77.1
2992,5.3,77.2
2993,5.3,79.6
2994,5.4,80.9
2995,5.3,79.1
2996,5.4,80.3
2997,5.2,77.8
2998,5.2,76.3
2999,5.2,73.7
3000,5.2,74.2
3001,5.3,74.5
3002,6.2,76.1
3003,6.8,79.8
3004,7.2,80.1
3005,7.7,78.7
3006,7.8,76.3
3007,7.9,75.9
3008,8.2,72.3
3009,8.1,63.6
3010,8.1,61.1
3011,8.1,56.4
3012,8.3,50.7
3013,8.1,49.5
3014,8.0,43.6
3015,8.0,41.0
3016,7.9,37.2
3017,7.8,34.4
3018,7.8,35.0
3019,7.8,35.4
3020,7.7,33.1
3021,7.6,32.1
3022,7.6,32.2
3023,7.6,29.6
3024,7.5,28.3
3025,7.6,29.4
3026,7.5,28.5
3027,7.5,27.7
3028,7.4,26.5
3029,7.3,27.2
3030,7.3,26.8
3031,7.2,26.4
3032,6.5,25.7
3033,5.8,23.1
3034,5.4,24.2
3035,5.0,24.9
3036,4.7,25.6
3037,4.5,26.3
3038,4.2,25.9
3039,3.9,25.4
3040,3.8,27.2
3041,3.6,25.2
3042,3.3,25.3
3043,3.2,24.5
3044,3.1,23.9
3045,3.0,23.7
3046,2.8,23.0
3047,2.8,23.7
3048,2.7,23.2
3049,2.6,24.4
3050,2.6,24.6
3051,2.6,24.2
3052,2.6,23.8
3053,2.5,24.1
3054,2.5,24.9
3055,2.5,23.9
3056,2.6,24.6
3057,2.6,24.5
3058,2.7,25.3
3059,2.8,24.5
3060,2.8,23.9
3061,2.8,23.9
3062,2.7,22.3
3063,2.8,20.4
3064,2.8,18.9
3065,2.8,18.0
3066,2.8,17.1
3067,2.8,16.5
3068,2.9,16.8
3069,3.1,17.8
3070,3.0,15.5
3071,3.0,15.4
3072,3.0,15.1
3073,3.0,14.6
3074,3.1,15.7
3075,3.1,15.9
3076,3.1,16.0
3077,3.1,15.0
3078,3.2,14.8
3079,3.2,12.6
3080,3.2,13.0
3081,3.2,12.5
3082,3.2,12.5
3083,3.3,12.5
3084,3.5,13.2
3085,3.5,13.8
3086,3.5,12.9
3087,3.5,13.2
3088,3.6,12.6
3089,3.5,12.6
3090,3.5,12.7
3091,3.4,12.7
3092,3.4,12.7
3093,3.4,12.7
3094,3.4,12.7
3095,3.4,12.0
3096,3.5,12.8
3097,3.4,12.9
3098,3.5,14.2
3099,3.4,14.0
3100,3.5,14.0
3101,3.5,14.1
3102,3.5,14.1
3103,3.5,13.9
3104,3.5,13.6
3105,3.5,13.0
3106,3.4,13.6
3107,3.5,13.5
3108,3.5,13.8
3109,3.5,13.6
3110,3.5,13.0
3111,3.5,12.8
3112,3.6,13.4
3113,3.5,13.3
3114,3.4,12.0
3115,3.4,11.2
3116,3.4,11.4
3117,3.3,11.2
3118,3.3,11.1
3119,3.3,11.1
3120,3.3,11.0
3121,3.3,11.0
3122,3.4,11.0
3123,3.6,13.2
3124,3.6,15.7
3125,3.6,16.0
3126,3.5,15.8
3127,3.5,17.6
3128,3.5,16.9
3129,3.6,18.7
3130,3.8,19.6
3131,4.0,20.3
3132,4.1,20.7
3133,4.3,21.6
3134,4.5,23.2
3135,4.6,24.4
3136,4.7,25.1
3137,4.7,25.0
3138,4.7,24.8
3139,4.7,24.9
3140,4.7,25.0
3141,4.8,25.7
3142,4.8,25.1
3143,5.0,35.8
3144,5.1,37.1
3145,5.1,37.1
3146,5.1,37.6
3147,5.1,38.0
3148,5.2,40.0
3149,5.2,40.6
3150,5.3,42.0
3151,5.3,42.5
3152,5.3,43.1
3153,5.1,43.2
3154,5.2,43.1
3155,5.2,44.6
3156,5.2,46.1
3157,5.3,47.1
3158,5.4,48.5
3159,5.5,48.2
3160,5.5,51.8
3161,5.5,55.2
3162,5.6,56.2
3163,5.8,57.5
3164,6.2,63.0
3165,7.0,65.8
3166,7.8,75.0
3167,8.7,79.5
3168,9.7,84.3
3169,10.6,89.6
3170,11.6,91.7
3171,12.7,98.1
3172,13.6,104.1
3173,14.3,96.5
3174,15.1,98.5
3175,15.7,105.5
3176,16.4,106.2
3177,16.9,109.8
3178,17.4,112.8
3179,17.8,115.3
3180,18.1,118.4
3181,18.5,122.1
3182,18.9,125.4
3183,19.2,125.1
3184,19.4,123.9
3185,19.6,123.7
3186,19.8,123.7
3187,19.9,121.8
3188,20.0,123.1
3189,20.1,122.1
3190,20.1,119.5
3191,20.0,116.9
3192,20.0,116.6
3193,19.8,117.1
3194,19.3,109.2
3195,18.6,108.5
3196,17.9,101.4
3197,17.3,99.6
3198,16.6,100.1
3199,16.0,97.7
3200,15.2,98.7
3201,14.4,95.8
3202,13.5,91.9
3203,12.8,91.6
3204,12.3,91.5
3205,11.9,89.1
3206,11.3,89.5
3207,10.8,86.2
3208,10.3,81.8
3209,10.1,80.4
3210,9.8,80.6
3211,9.4,77.4
3212,9.0,75.0
3213,8.8,77.1
3214,8.6,76.1
3215,8.3,76.0
3216,8.3,75.7
3217,8.0,74.8
3218,7.7,71.3
3219,7.5,70.2
3220,7.1,68.3
3221,7.0,66.8
3222,6.8,65.7
3223,6.6,63.3
3224,6.5,63.8
3225,6.2,60.6
3226,5.9,57.1
3227,5.6,54.3
3228,5.3,49.1
3229,5.0,46.1
3230,4.8,43.3
3231,4.5,40.2
3232,4.4,38.4
3233,4.4,36.5
3234,4.1,33.9
3235,3.7,30.4
3236,3.7,30.1
3237,3.7,31.8
3238,3.7,32.3
3239,3.7,36.5
3240,3.9,37.7
3241,3.9,38.8
3242,4.1,38.4
3243,4.1,39.4
3244,4.3,43.5
3245,4.7,51.5
3246,4.9,57.4
3247,5.3,63.9
3248,6.1,79.6
3249,6.7,87.9
3250,7.3,101.6
3251,7.7,111.9
3252,8.5,130.6
3253,9.5,148.8
3254,10.6,162.7
3255,11.3,171.8
3256,11.9,185.6
3257,12.4,195.3
3258,12.8,206.6
3259,13.1,213.3
3260,13.3,222.9
3261,13.4,226.5
3262,13.6,235.2
3263,13.8,241.0
3264,14.1,246.4
3265,14.3,248.7
3266,14.5,251.0
3267,14.6,251.6
3268,14.7,253.2
3269,14.7,251.5
3270,14.4,245.7
3271,14.3,244.7
3272,14.2,244.5
3273,14.2,240.7
3274,14.0,238.0
3275,13.7,229.4
3276,13.5,223.7
3277,13.1,219.0
3278,12.3,203.5
3279,11.9,196.5
3280,11.4,184.5
3281,11.1,177.8
3282,10.5,161.3
3283,9.6,144.4
3284,8.8,134.7
3285,8.4,129.9
3286,8.1,124.3
3287,7.9,118.3
3288,7.5,108.4
3289,7.1,102.1
3290,6.9,92.8
3291,6.7,88.5
3292,6.5,78.9
3293,6.2,73.4
3294,6.0,69.3
3295,5.8,67.5
3296,5.7,64.8
3297,5.5,63.2
3298,5.5,64.9
3299,5.4,63.3
3300,5.4,65.2
3301,5.4,68.1
3302,5.5,70.2
3303,5.5,70.2
3304,5.4,69.0
3305,5.4,70.5
3306,5.4,70.4
3307,5.7,69.3
3308,5.7,70.9
3309,5.6,70.1
3310,5.5,69.0
3311,5.5,67.2
3312,5.4,66.6
3313,5.3,66.5
3314,5.1,64.1
3315,4.9,60.9
3316,5.0,55.9
3317,5.0,55.5
3318,5.0,56.8
3319,5.2,62.2
3320,5.4,64.6
3321,5.4,67.1
3322,5.6,68.4
3323,5.7,74.9
3324,5.7,75.8
3325,5.8,81.5
3326,6.0,82.6
3327,6.0,83.3
3328,5.9,83.4
3329,6.0,84.9
3330,6.2,88.1
3331,6.5,95.4
3332,6.6,93.7
3333,7.0,101.5
3334,7.3,113.7
3335,7.9,126.3
3336,8.2,136.8
3337,8.1,142.6
3338,8.4,147.8
3339,9.3,159.3
3340,9.5,164.5
3341,9.8,170.8
3342,10.0,174.0
3343,10.0,174.7
3344,10.7,183.2
3345,11.0,187.3
3346,11.1,194.4
3347,11.5,200.9
3348,11.8,209.9
3349,11.9,213.0
3350,12.0,215.2
3351,12.5,222.5
3352,13.0,237.3
3353,13.0,237.4
3354,13.1,237.8
3355,13.1,238.1
3356,13.1,243.7
3357,13.2,246.5
3358,13.2,243.6
3359,13.4,242.8
3360,13.3,239.9
3361,12.9,231.2
3362,12.7,232.5
3363,12.5,224.7
3364,12.3,216.8
3365,11.8,207.4
3366,11.5,197.7
3367,11.3,192.2
3368,11.0,186.2
3369,10.2,177.0
3370,10.1,176.4
3371,9.8,169.2
3372,9.7,166.6
3373,9.8,168.3
3374,9.1,159.1
3375,8.8,154.3
3376,8.7,145.4
3377,8.3,137.2
3378,7.9,128.5
3379,7.6,120.1
3380,7.3,116.2
3381,7.0,108.0
3382,6.4,93.5
3383,6.3,89.2
3384,6.1,87.4
3385,6.0,82.2
3386,5.9,77.2
3387,5.7,74.4
3388,5.8,81.5
3389,5.6,78.8
3390,5.6,80.1
3391,5.6,78.4
3392,5.6,76.0
3393,5.4,75.6
3394,5.2,71.2
3395,5.0,65.7
3396,4.9,63.6
3397,4.9,62.8
3398,4.7,61.7
3399,4.7,59.9
3400,4.5,55.0
3401,4.5,57.6
3402,4.3,55.6
3403,4.1,51.7
3404,4.0,51.5
3405,3.9,51.2
3406,3.5,50.4
3407,3.4,50.3
3408,3.3,47.3
3409,3.4,49.1
3410,3.3,47.8
3411,3.2,46.0
3412,3.1,44.2
3413,3.0,40.5
3414,2.9,38.9
3415,2.8,37.3
3416,2.6,36.1
3417,2.6,33.7
3418,2.4,26.6
3419,2.3,25.8
3420,2.2,22.3
3421,2.1,21.4
3422,2.1,21.3
3423,2.1,21.9
3424,2.1,22.3
3425,2.1,22.2
3426,2.2,21.7
3427,2.1,21.0
3428,2.2,21.9
3429,2.1,21.4
3430,2.1,20.9
3431,2.1,17.7
3432,2.1,17.6
3433,2.1,17.5
3434,2.1,15.7
3435,2.1,15.7
3436,2.1,15.9
3437,2.0,14.4
3438,2.0,14.2
3439,2.0,12.0
3440,2.0,12.0
3441,1.9,11.5
3442,2.1,12.7
3443,2.2,12.9
3444,2.2,15.7
3445,2.2,15.5
3446,2.2,14.9
3447,2.3,14.9
3448,2.3,14.7
3449,2.4,18.4
3450,2.5,19.5
3451,2.5,20.6
3452,2.5,23.6
3453,2.6,24.5
3454,2.7,27.3
3455,2.9,29.2
3456,2.9,30.2
3457,2.9,30.7
3458,3.0,32.1
3459,3.0,32.2
3460,3.1,35.3
3461,3.2,38.7
3462,3.2,38.9
3463,3.2,40.5
3464,3.3,42.2
3465,3.3,42.2
3466,3.5,44.1
3467,3.5,45.1
3468,3.6,46.2
3469,3.6,46.6
3470,3.7,49.9
3471,3.9,53.0
3472,3.7,54.1
3473,3.7,55.5
3474,3.7,54.2
3475,3.8,57.5
3476,4.1,64.0
3477,4.0,65.5
3478,4.1,64.8
3479,4.2,64.9
3480,4.2,67.8
3481,4.2,67.8
3482,4.2,65.7
3483,4.2,71.8
3484,4.2,69.0
3485,4.0,67.9
3486,4.0,69.2
3487,4.2,73.5
3488,4.1,72.4
3489,4.1,71.7
3490,4.1,70.6
3491,4.0,67.5
3492,4.1,71.0
3493,4.1,70.5
3494,4.0,68.8
3495,4.1,68.9
3496,3.9,67.0
3497,3.9,66.9
3498,3.9,65.9
3499,3.8,65.5
3500,3.7,62.7
3501,3.6,60.4
3502,3.6,58.2
3503,3.5,56.2
3504,3.5,55.2
3505,3.5,52.2
3506,3.2,45.3
3507,3.3,45.5
3508,3.3,46.8
3509,3.2,45.5
3510,3.2,43.5
3511,3.2,46.3
3512,3.3,48.0
3513,3.1,42.5
3514,3.1,43.1
3515,3.3,44.2
3516,3.2,45.2
3517,3.1,42.7
3518,3.1,42.6
3519,3.1,42.6
3520,3.1,40.5
3521,3.0,40.0
3522,2.9,37.6
3523,2.9,36.9
3524,3.0,36.9
3525,2.9,36.7
3526,2.9,38.6
3527,2.9,38.4
3528,2.9,38.4
3529,2.9,39.0
3530,3.0,40.3
3531,3.0,41.1
3532,3.1,41.1
3533,3.1,41.4
3534,3.1,40.9
3535,3.0,40.3
3536,3.0,39.7
3537,2.9,37.9
3538,2.8,36.5
3539,2.8,34.7
3540,2.7,32.5
3541,2.6,28.7
3542,2.5,26.0
3543,2.5,23.7
3544,2.6,22.4
3545,2.5,21.2
3546,2.5,18.0
3547,2.4,16.2
3548,2.4,15.3
3549,2.4,16.0
3550,2.5,17.2
3551,2.6,18.3
3552,2.7,18.4
3553,2.7,19.6
3554,2.8,20.9
3555,3.0,21.7
3556,3.1,20.3
3557,3.2,19.6
3558,3.2,19.7
3559,3.3,19.8
3560,3.3,18.0
3561,3.3,17.6
3562,3.4,17.6
3563,3.4,17.4
3564,3.4,17.6
3565,3.4,18.1
3566,3.5,20.1
3567,3.6,20.9
3568,3.6,20.3
3569,3.6,19.9
3570,3.5,19.8
3571,3.5,19.9
3572,3.5,19.9
3573,3.5,19.1
3574,3.3,19.0
3575,3.3,18.3
3576,3.3,18.1
3577,3.3,18.0
3578,3.3,19.2
3579,3.4,19.3
3580,3.3,20.7
3581,3.2,20.0
3582,3.1,18.4
3583,3.0,18.0
3584,2.9,17.4
3585,2.7,17.6
3586,2.7,17.0
3587,2.7,18.8
3588,2.7,18.9
3589,2.6,18.0
3590,2.6,18.0
3591,2.6,17.9
3592,2.5,17.9
3593,2.5,18.8
3594,2.5,18.8
3595,2.5,18.9
3596,2.4,17.6
3597,2.4,17.1
3598,2.4,17.3
3599,2.5,17.3
3600,2.5,18.1
